Spam;john.hillnob@ninjamail.org
Spam;linda.mellonson@ninyahoo.co
Spam;mary.nipson@ninyahoo.co
Spam;jason.castlenob@ninjamail.org
Spam;diana.castlebutter@ninjamail.org
Spam;mary.gradnip@hotsumo.com
Spam;john.nipwhale@ninyahoo.co
Spam;john.hillwhale@hotsumo.com
Spam;tim.nobwhale@hotsumo.com
Spam;tim.whalenob@dojobox.net
Spam;anna.castlemellon@ninjamail.org
Spam;diana.castlecastle@ninjamail.org
Spam;diana.nobsmith@ninyahoo.co
Spam;carol.whalenob@ninyahoo.co
Spam;anna.gradhill@hotsumo.com
Spam;john.castlebutter@ninyahoo.co
Spam;mary.nobmellon@ninjamail.org
Spam;carol.smithgrad@dojobox.net
Spam;david.hillcastle@ninyahoo.co
Spam;maggie.smithgrad@dojobox.net
Spam;anna.nipsmith@ninyahoo.co
Spam;diana.underbutter@ninyahoo.co
Spam;maggie.butterson@ninjamail.org
Spam;mary.scotchnob@dojobox.net
Spam;tim.butternip@ninyahoo.co
Spam;john.whalescotch@hotsumo.com
Spam;diana.melloncastle@ninyahoo.co
Spam;diana.scotchcastle@ninyahoo.co
Spam;carol.smithsmith@ninjamail.org
Spam;mary.castlenob@ninjamail.org
